"Name","URI","Region GSS code","Period","Sales volume","Reporting period","Average price All property types","Average price Detached houses","Average price Semi-detached houses","Average price Terraced houses","Average price Flats and maisonettes","Pivotable date"
Waltham Forest,http://landregistry.data.gov.uk/id/region/waltham-forest,E09000031,2000-01,368,monthly,97034,193382,137508,102277,84076,2000-01-01
Waltham Forest,http://landregistry.data.gov.uk/id/region/waltham-forest,E09000031,2000-02,374,monthly,97544,194461,138045,102894,84467,2000-02-01
Waltham Forest,http://landregistry.data.gov.uk/id/region/waltham-forest,E09000031,2000-03,478,monthly,99926,199805,141842,105679,86109,2000-03-01
Waltham Forest,http://landregistry.data.gov.uk/id/region/waltham-forest,E09000031,2000-04,370,monthly,102306,202858,144647,108168,88285,2000-04-01
Waltham Forest,http://landregistry.data.gov.uk/id/region/waltham-forest,E09000031,2000-05,430,monthly,105719,208866,149618,111541,91445,2000-05-01
Waltham Forest,http://landregistry.data.gov.uk/id/region/waltham-forest,E09000031,2000-06,466,monthly,107563,211546,151980,113103,93456,2000-06-01
Waltham Forest,http://landregistry.data.gov.uk/id/region/waltham-forest,E09000031,2000-07,447,monthly,108557,215441,154082,114051,94295,2000-07-01
Waltham Forest,http://landregistry.data.gov.uk/id/region/waltham-forest,E09000031,2000-08,453,monthly,109879,218669,156122,114981,95864,2000-08-01
Waltham Forest,http://landregistry.data.gov.uk/id/region/waltham-forest,E09000031,2000-09,421,monthly,111969,224712,159119,116964,97862,2000-09-01
Waltham Forest,http://landregistry.data.gov.uk/id/region/waltham-forest,E09000031,2000-10,366,monthly,112714,225828,160292,117546,98694,2000-10-01
Waltham Forest,http://landregistry.data.gov.uk/id/region/waltham-forest,E09000031,2000-11,416,monthly,111828,224535,158862,116566,97994,2000-11-01
Waltham Forest,http://landregistry.data.gov.uk/id/region/waltham-forest,E09000031,2000-12,361,monthly,111571,222539,158374,116182,97916,2000-12-01
Waltham Forest,http://landregistry.data.gov.uk/id/region/waltham-forest,E09000031,2001-01,354,monthly,111622,221598,157688,116341,97975,2001-01-01
Waltham Forest,http://landregistry.data.gov.uk/id/region/waltham-forest,E09000031,2001-02,332,monthly,113043,223440,159902,118086,98955,2001-02-01
Waltham Forest,http://landregistry.data.gov.uk/id/region/waltham-forest,E09000031,2001-03,427,monthly,113130,223711,160226,118475,98713,2001-03-01
Waltham Forest,http://landregistry.data.gov.uk/id/region/waltham-forest,E09000031,2001-04,403,monthly,114742,226755,162296,120096,100232,2001-04-01
Waltham Forest,http://landregistry.data.gov.uk/id/region/waltham-forest,E09000031,2001-05,436,monthly,116732,229581,164349,122069,102234,2001-05-01
Waltham Forest,http://landregistry.data.gov.uk/id/region/waltham-forest,E09000031,2001-06,513,monthly,119952,234430,168204,125041,105653,2001-06-01
Waltham Forest,http://landregistry.data.gov.uk/id/region/waltham-forest,E09000031,2001-07,493,monthly,122196,238414,171348,127268,107769,2001-07-01
Waltham Forest,http://landregistry.data.gov.uk/id/region/waltham-forest,E09000031,2001-08,553,monthly,125713,245795,176072,130794,111060,2001-08-01
Waltham Forest,http://landregistry.data.gov.uk/id/region/waltham-forest,E09000031,2001-09,459,monthly,128906,253390,180415,134109,113887,2001-09-01
Waltham Forest,http://landregistry.data.gov.uk/id/region/waltham-forest,E09000031,2001-10,488,monthly,133281,262392,186778,138540,117855,2001-10-01
Waltham Forest,http://landregistry.data.gov.uk/id/region/waltham-forest,E09000031,2001-11,458,monthly,135553,267357,190488,140646,120086,2001-11-01
Waltham Forest,http://landregistry.data.gov.uk/id/region/waltham-forest,E09000031,2001-12,351,monthly,137669,269621,193441,142216,122765,2001-12-01
Waltham Forest,http://landregistry.data.gov.uk/id/region/waltham-forest,E09000031,2002-01,330,monthly,137327,268564,192697,141401,123070,2002-01-01
Waltham Forest,http://landregistry.data.gov.uk/id/region/waltham-forest,E09000031,2002-02,400,monthly,139434,271850,195145,143555,125068,2002-02-01
Waltham Forest,http://landregistry.data.gov.uk/id/region/waltham-forest,E09000031,2002-03,413,monthly,139955,272630,195886,144271,125314,2002-03-01
Waltham Forest,http://landregistry.data.gov.uk/id/region/waltham-forest,E09000031,2002-04,441,monthly,142060,274934,198194,146183,127645,2002-04-01
Waltham Forest,http://landregistry.data.gov.uk/id/region/waltham-forest,E09000031,2002-05,523,monthly,143500,276133,200046,147430,129278,2002-05-01
Waltham Forest,http://landregistry.data.gov.uk/id/region/waltham-forest,E09000031,2002-06,408,monthly,147334,281982,204186,151254,133090,2002-06-01
Waltham Forest,http://landregistry.data.gov.uk/id/region/waltham-forest,E09000031,2002-07,538,monthly,152733,292772,211572,156930,137810,2002-07-01
Waltham Forest,http://landregistry.data.gov.uk/id/region/waltham-forest,E09000031,2002-08,495,monthly,157302,301370,217504,161584,142046,2002-08-01
Waltham Forest,http://landregistry.data.gov.uk/id/region/waltham-forest,E09000031,2002-09,496,monthly,164077,316074,228055,168694,147760,2002-09-01
Waltham Forest,http://landregistry.data.gov.uk/id/region/waltham-forest,E09000031,2002-10,444,monthly,168389,324596,234933,173106,151530,2002-10-01
Waltham Forest,http://landregistry.data.gov.uk/id/region/waltham-forest,E09000031,2002-11,440,monthly,171793,332654,240039,176334,154853,2002-11-01
Waltham Forest,http://landregistry.data.gov.uk/id/region/waltham-forest,E09000031,2002-12,360,monthly,171605,331211,240055,175739,155159,2002-12-01
Waltham Forest,http://landregistry.data.gov.uk/id/region/waltham-forest,E09000031,2003-01,351,monthly,175473,337348,243953,179790,158804,2003-01-01
Waltham Forest,http://landregistry.data.gov.uk/id/region/waltham-forest,E09000031,2003-02,384,monthly,177267,338559,246505,181396,160747,2003-02-01
Waltham Forest,http://landregistry.data.gov.uk/id/region/waltham-forest,E09000031,2003-03,413,monthly,178189,339590,247013,182404,161634,2003-03-01
Waltham Forest,http://landregistry.data.gov.uk/id/region/waltham-forest,E09000031,2003-04,328,monthly,178308,338493,248066,182058,162212,2003-04-01
Waltham Forest,http://landregistry.data.gov.uk/id/region/waltham-forest,E09000031,2003-05,363,monthly,181133,342964,251616,185335,164361,2003-05-01
Waltham Forest,http://landregistry.data.gov.uk/id/region/waltham-forest,E09000031,2003-06,404,monthly,182825,344551,253495,186952,166141,2003-06-01
Waltham Forest,http://landregistry.data.gov.uk/id/region/waltham-forest,E09000031,2003-07,426,monthly,182968,343647,253365,187555,165770,2003-07-01
Waltham Forest,http://landregistry.data.gov.uk/id/region/waltham-forest,E09000031,2003-08,417,monthly,181604,339689,251136,186301,164431,2003-08-01
Waltham Forest,http://landregistry.data.gov.uk/id/region/waltham-forest,E09000031,2003-09,445,monthly,181119,339507,250898,186317,163267,2003-09-01
Waltham Forest,http://landregistry.data.gov.uk/id/region/waltham-forest,E09000031,2003-10,525,monthly,180562,337919,249541,185837,162750,2003-10-01
Waltham Forest,http://landregistry.data.gov.uk/id/region/waltham-forest,E09000031,2003-11,432,monthly,183519,344091,254077,188911,165294,2003-11-01
Waltham Forest,http://landregistry.data.gov.uk/id/region/waltham-forest,E09000031,2003-12,443,monthly,186324,346107,257463,191661,168125,2003-12-01
Waltham Forest,http://landregistry.data.gov.uk/id/region/waltham-forest,E09000031,2004-01,404,monthly,190386,354533,263411,195837,171726,2004-01-01
Waltham Forest,http://landregistry.data.gov.uk/id/region/waltham-forest,E09000031,2004-02,370,monthly,190595,353453,263372,196322,171652,2004-02-01
Waltham Forest,http://landregistry.data.gov.uk/id/region/waltham-forest,E09000031,2004-03,446,monthly,191985,356953,264673,197891,172819,2004-03-01
Waltham Forest,http://landregistry.data.gov.uk/id/region/waltham-forest,E09000031,2004-04,456,monthly,192686,353846,264716,198895,173313,2004-04-01
Waltham Forest,http://landregistry.data.gov.uk/id/region/waltham-forest,E09000031,2004-05,375,monthly,195310,355062,267004,201596,175945,2004-05-01
Waltham Forest,http://landregistry.data.gov.uk/id/region/waltham-forest,E09000031,2004-06,475,monthly,197474,355795,269376,203734,178148,2004-06-01
Waltham Forest,http://landregistry.data.gov.uk/id/region/waltham-forest,E09000031,2004-07,461,monthly,200347,361214,273838,206964,180325,2004-07-01
Waltham Forest,http://landregistry.data.gov.uk/id/region/waltham-forest,E09000031,2004-08,418,monthly,200436,362157,274125,207170,180230,2004-08-01
Waltham Forest,http://landregistry.data.gov.uk/id/region/waltham-forest,E09000031,2004-09,376,monthly,201081,365323,275952,208234,180141,2004-09-01
Waltham Forest,http://landregistry.data.gov.uk/id/region/waltham-forest,E09000031,2004-10,360,monthly,202536,367501,276865,209591,181817,2004-10-01
Waltham Forest,http://landregistry.data.gov.uk/id/region/waltham-forest,E09000031,2004-11,319,monthly,204254,370127,278795,211440,183352,2004-11-01
Waltham Forest,http://landregistry.data.gov.uk/id/region/waltham-forest,E09000031,2004-12,282,monthly,204191,367131,277399,211473,183436,2004-12-01
Waltham Forest,http://landregistry.data.gov.uk/id/region/waltham-forest,E09000031,2005-01,220,monthly,200515,359164,271665,207695,180240,2005-01-01
Waltham Forest,http://landregistry.data.gov.uk/id/region/waltham-forest,E09000031,2005-02,277,monthly,198434,354155,269203,205685,178162,2005-02-01
Waltham Forest,http://landregistry.data.gov.uk/id/region/waltham-forest,E09000031,2005-03,245,monthly,198780,354894,270281,206434,177919,2005-03-01
Waltham Forest,http://landregistry.data.gov.uk/id/region/waltham-forest,E09000031,2005-04,266,monthly,200706,357292,273818,209071,178771,2005-04-01
Waltham Forest,http://landregistry.data.gov.uk/id/region/waltham-forest,E09000031,2005-05,298,monthly,201792,359319,274733,210401,179599,2005-05-01
Waltham Forest,http://landregistry.data.gov.uk/id/region/waltham-forest,E09000031,2005-06,355,monthly,204633,362607,277860,213564,182038,2005-06-01
Waltham Forest,http://landregistry.data.gov.uk/id/region/waltham-forest,E09000031,2005-07,445,monthly,204994,364490,278578,213955,182294,2005-07-01
Waltham Forest,http://landregistry.data.gov.uk/id/region/waltham-forest,E09000031,2005-08,417,monthly,206655,368154,280754,216029,183388,2005-08-01
Waltham Forest,http://landregistry.data.gov.uk/id/region/waltham-forest,E09000031,2005-09,394,monthly,206617,370543,281150,216355,182838,2005-09-01
Waltham Forest,http://landregistry.data.gov.uk/id/region/waltham-forest,E09000031,2005-10,453,monthly,207206,371023,281115,217064,183396,2005-10-01
Waltham Forest,http://landregistry.data.gov.uk/id/region/waltham-forest,E09000031,2005-11,445,monthly,207226,370762,281415,217323,183102,2005-11-01
Waltham Forest,http://landregistry.data.gov.uk/id/region/waltham-forest,E09000031,2005-12,439,monthly,206366,366323,279169,216069,182948,2005-12-01
Waltham Forest,http://landregistry.data.gov.uk/id/region/waltham-forest,E09000031,2006-01,329,monthly,207294,367877,280276,217139,183686,2006-01-01
Waltham Forest,http://landregistry.data.gov.uk/id/region/waltham-forest,E09000031,2006-02,327,monthly,208381,367534,281014,217969,185139,2006-02-01
Waltham Forest,http://landregistry.data.gov.uk/id/region/waltham-forest,E09000031,2006-03,409,monthly,208156,369253,281818,218279,184129,2006-03-01
Waltham Forest,http://landregistry.data.gov.uk/id/region/waltham-forest,E09000031,2006-04,344,monthly,208538,369188,282485,218844,184272,2006-04-01
Waltham Forest,http://landregistry.data.gov.uk/id/region/waltham-forest,E09000031,2006-05,365,monthly,209664,371493,284414,220240,184955,2006-05-01
Waltham Forest,http://landregistry.data.gov.uk/id/region/waltham-forest,E09000031,2006-06,427,monthly,212654,374455,288170,223455,187594,2006-06-01
Waltham Forest,http://landregistry.data.gov.uk/id/region/waltham-forest,E09000031,2006-07,435,monthly,217861,383305,295318,229255,191821,2006-07-01
Waltham Forest,http://landregistry.data.gov.uk/id/region/waltham-forest,E09000031,2006-08,498,monthly,219978,387730,298218,232066,193042,2006-08-01
Waltham Forest,http://landregistry.data.gov.uk/id/region/waltham-forest,E09000031,2006-09,415,monthly,223921,396709,303876,236004,196661,2006-09-01
Waltham Forest,http://landregistry.data.gov.uk/id/region/waltham-forest,E09000031,2006-10,494,monthly,224727,398872,304929,236704,197528,2006-10-01
Waltham Forest,http://landregistry.data.gov.uk/id/region/waltham-forest,E09000031,2006-11,502,monthly,227199,403946,308735,239240,199685,2006-11-01
Waltham Forest,http://landregistry.data.gov.uk/id/region/waltham-forest,E09000031,2006-12,436,monthly,230027,407042,312096,242426,202056,2006-12-01
Waltham Forest,http://landregistry.data.gov.uk/id/region/waltham-forest,E09000031,2007-01,349,monthly,232413,411226,315525,245152,203892,2007-01-01
Waltham Forest,http://landregistry.data.gov.uk/id/region/waltham-forest,E09000031,2007-02,368,monthly,236377,417012,320240,248728,208043,2007-02-01
Waltham Forest,http://landregistry.data.gov.uk/id/region/waltham-forest,E09000031,2007-03,438,monthly,235703,416940,319577,248308,207091,2007-03-01
Waltham Forest,http://landregistry.data.gov.uk/id/region/waltham-forest,E09000031,2007-04,358,monthly,238195,419194,322207,251215,209169,2007-04-01
Waltham Forest,http://landregistry.data.gov.uk/id/region/waltham-forest,E09000031,2007-05,400,monthly,239691,420064,323772,253338,210075,2007-05-01
Waltham Forest,http://landregistry.data.gov.uk/id/region/waltham-forest,E09000031,2007-06,467,monthly,243605,425919,328761,257480,213562,2007-06-01
Waltham Forest,http://landregistry.data.gov.uk/id/region/waltham-forest,E09000031,2007-07,429,monthly,247296,433954,334620,261412,216610,2007-07-01
Waltham Forest,http://landregistry.data.gov.uk/id/region/waltham-forest,E09000031,2007-08,523,monthly,250804,442793,340248,265829,218861,2007-08-01
Waltham Forest,http://landregistry.data.gov.uk/id/region/waltham-forest,E09000031,2007-09,408,monthly,254088,450031,345578,269325,221555,2007-09-01
Waltham Forest,http://landregistry.data.gov.uk/id/region/waltham-forest,E09000031,2007-10,426,monthly,251857,446516,341624,266713,219972,2007-10-01
Waltham Forest,http://landregistry.data.gov.uk/id/region/waltham-forest,E09000031,2007-11,375,monthly,252972,449712,343499,267383,221339,2007-11-01
Waltham Forest,http://landregistry.data.gov.uk/id/region/waltham-forest,E09000031,2007-12,284,monthly,253782,450878,343747,268038,222366,2007-12-01
Waltham Forest,http://landregistry.data.gov.uk/id/region/waltham-forest,E09000031,2008-01,247,monthly,258043,460364,349931,272417,226121,2008-01-01
Waltham Forest,http://landregistry.data.gov.uk/id/region/waltham-forest,E09000031,2008-02,245,monthly,256043,457011,347229,270495,224173,2008-02-01
Waltham Forest,http://landregistry.data.gov.uk/id/region/waltham-forest,E09000031,2008-03,228,monthly,253838,455301,345336,269045,221182,2008-03-01
Waltham Forest,http://landregistry.data.gov.uk/id/region/waltham-forest,E09000031,2008-04,273,monthly,249159,447499,339125,264864,216304,2008-04-01
Waltham Forest,http://landregistry.data.gov.uk/id/region/waltham-forest,E09000031,2008-05,223,monthly,247440,442477,336601,263159,214741,2008-05-01
Waltham Forest,http://landregistry.data.gov.uk/id/region/waltham-forest,E09000031,2008-06,216,monthly,245435,437174,333523,260906,213189,2008-06-01
Waltham Forest,http://landregistry.data.gov.uk/id/region/waltham-forest,E09000031,2008-07,202,monthly,243251,430618,331213,258380,211436,2008-07-01
Waltham Forest,http://landregistry.data.gov.uk/id/region/waltham-forest,E09000031,2008-08,191,monthly,239382,424910,325895,254232,208103,2008-08-01
Waltham Forest,http://landregistry.data.gov.uk/id/region/waltham-forest,E09000031,2008-09,161,monthly,233222,416483,317393,247191,203225,2008-09-01
Waltham Forest,http://landregistry.data.gov.uk/id/region/waltham-forest,E09000031,2008-10,170,monthly,224419,401942,304580,237590,195922,2008-10-01
Waltham Forest,http://landregistry.data.gov.uk/id/region/waltham-forest,E09000031,2008-11,110,monthly,219043,391859,297668,232154,190930,2008-11-01
Waltham Forest,http://landregistry.data.gov.uk/id/region/waltham-forest,E09000031,2008-12,124,monthly,216323,385422,294129,229821,188015,2008-12-01
Waltham Forest,http://landregistry.data.gov.uk/id/region/waltham-forest,E09000031,2009-01,110,monthly,217709,390905,296951,231246,189099,2009-01-01
Waltham Forest,http://landregistry.data.gov.uk/id/region/waltham-forest,E09000031,2009-02,97,monthly,214437,386524,292670,227171,186882,2009-02-01
Waltham Forest,http://landregistry.data.gov.uk/id/region/waltham-forest,E09000031,2009-03,115,monthly,210295,379679,287158,222136,183969,2009-03-01
Waltham Forest,http://landregistry.data.gov.uk/id/region/waltham-forest,E09000031,2009-04,103,monthly,205342,366849,280241,217037,179568,2009-04-01
Waltham Forest,http://landregistry.data.gov.uk/id/region/waltham-forest,E09000031,2009-05,127,monthly,202687,360699,276242,214608,176830,2009-05-01
Waltham Forest,http://landregistry.data.gov.uk/id/region/waltham-forest,E09000031,2009-06,154,monthly,202745,360264,276259,215182,176190,2009-06-01
Waltham Forest,http://landregistry.data.gov.uk/id/region/waltham-forest,E09000031,2009-07,216,monthly,204536,364607,279530,217772,176590,2009-07-01
Waltham Forest,http://landregistry.data.gov.uk/id/region/waltham-forest,E09000031,2009-08,191,monthly,208772,372158,285940,222785,179416,2009-08-01
Waltham Forest,http://landregistry.data.gov.uk/id/region/waltham-forest,E09000031,2009-09,191,monthly,214390,382490,294546,229303,183321,2009-09-01
Waltham Forest,http://landregistry.data.gov.uk/id/region/waltham-forest,E09000031,2009-10,243,monthly,217647,389326,299542,233025,185651,2009-10-01
Waltham Forest,http://landregistry.data.gov.uk/id/region/waltham-forest,E09000031,2009-11,201,monthly,220267,396618,303357,236477,186912,2009-11-01
Waltham Forest,http://landregistry.data.gov.uk/id/region/waltham-forest,E09000031,2009-12,223,monthly,220437,396654,303356,236978,186685,2009-12-01
Waltham Forest,http://landregistry.data.gov.uk/id/region/waltham-forest,E09000031,2010-01,139,monthly,221775,399192,306131,239020,186816,2010-01-01
Waltham Forest,http://landregistry.data.gov.uk/id/region/waltham-forest,E09000031,2010-02,171,monthly,226508,406484,314369,244524,189943,2010-02-01
Waltham Forest,http://landregistry.data.gov.uk/id/region/waltham-forest,E09000031,2010-03,180,monthly,229543,412135,319477,247557,192554,2010-03-01
Waltham Forest,http://landregistry.data.gov.uk/id/region/waltham-forest,E09000031,2010-04,160,monthly,232335,416119,323032,250314,195297,2010-04-01
Waltham Forest,http://landregistry.data.gov.uk/id/region/waltham-forest,E09000031,2010-05,150,monthly,230616,412979,320035,247918,194644,2010-05-01
Waltham Forest,http://landregistry.data.gov.uk/id/region/waltham-forest,E09000031,2010-06,232,monthly,227247,406600,315636,244998,190890,2010-06-01
Waltham Forest,http://landregistry.data.gov.uk/id/region/waltham-forest,E09000031,2010-07,225,monthly,230187,413993,320085,248455,192886,2010-07-01
Waltham Forest,http://landregistry.data.gov.uk/id/region/waltham-forest,E09000031,2010-08,209,monthly,229762,414701,320844,248538,191552,2010-08-01
Waltham Forest,http://landregistry.data.gov.uk/id/region/waltham-forest,E09000031,2010-09,192,monthly,234518,425548,328195,253648,195355,2010-09-01
Waltham Forest,http://landregistry.data.gov.uk/id/region/waltham-forest,E09000031,2010-10,212,monthly,231415,420505,324571,250191,192727,2010-10-01
Waltham Forest,http://landregistry.data.gov.uk/id/region/waltham-forest,E09000031,2010-11,188,monthly,230552,420446,323194,248674,192719,2010-11-01
Waltham Forest,http://landregistry.data.gov.uk/id/region/waltham-forest,E09000031,2010-12,184,monthly,227518,414778,319571,245224,190266,2010-12-01
Waltham Forest,http://landregistry.data.gov.uk/id/region/waltham-forest,E09000031,2011-01,161,monthly,224928,410168,315931,242604,187893,2011-01-01
Waltham Forest,http://landregistry.data.gov.uk/id/region/waltham-forest,E09000031,2011-02,163,monthly,225895,411800,317124,243777,188571,2011-02-01
Waltham Forest,http://landregistry.data.gov.uk/id/region/waltham-forest,E09000031,2011-03,192,monthly,223628,409872,313695,241327,186681,2011-03-01
Waltham Forest,http://landregistry.data.gov.uk/id/region/waltham-forest,E09000031,2011-04,153,monthly,225648,413738,316160,243332,188654,2011-04-01
Waltham Forest,http://landregistry.data.gov.uk/id/region/waltham-forest,E09000031,2011-05,160,monthly,226474,413334,316680,244134,189648,2011-05-01
Waltham Forest,http://landregistry.data.gov.uk/id/region/waltham-forest,E09000031,2011-06,193,monthly,226282,409857,316029,243906,189677,2011-06-01
Waltham Forest,http://landregistry.data.gov.uk/id/region/waltham-forest,E09000031,2011-07,201,monthly,228336,411409,318556,246050,191615,2011-07-01
Waltham Forest,http://landregistry.data.gov.uk/id/region/waltham-forest,E09000031,2011-08,243,monthly,226774,409861,317912,244950,189230,2011-08-01
Waltham Forest,http://landregistry.data.gov.uk/id/region/waltham-forest,E09000031,2011-09,214,monthly,231629,421121,325521,250665,192478,2011-09-01
Waltham Forest,http://landregistry.data.gov.uk/id/region/waltham-forest,E09000031,2011-10,212,monthly,232261,425527,328152,251571,192266,2011-10-01
Waltham Forest,http://landregistry.data.gov.uk/id/region/waltham-forest,E09000031,2011-11,206,monthly,232816,426043,328352,251915,193173,2011-11-01
Waltham Forest,http://landregistry.data.gov.uk/id/region/waltham-forest,E09000031,2011-12,219,monthly,232475,425050,328031,251188,193284,2011-12-01
Waltham Forest,http://landregistry.data.gov.uk/id/region/waltham-forest,E09000031,2012-01,162,monthly,231367,421665,326240,250110,192308,2012-01-01
Waltham Forest,http://landregistry.data.gov.uk/id/region/waltham-forest,E09000031,2012-02,161,monthly,232544,424372,328185,252198,192233,2012-02-01
Waltham Forest,http://landregistry.data.gov.uk/id/region/waltham-forest,E09000031,2012-03,248,monthly,231358,420229,325489,251262,191080,2012-03-01
Waltham Forest,http://landregistry.data.gov.uk/id/region/waltham-forest,E09000031,2012-04,125,monthly,232932,422689,327010,252978,192518,2012-04-01
Waltham Forest,http://landregistry.data.gov.uk/id/region/waltham-forest,E09000031,2012-05,159,monthly,236364,427636,331317,256234,196047,2012-05-01
Waltham Forest,http://landregistry.data.gov.uk/id/region/waltham-forest,E09000031,2012-06,203,monthly,240165,433629,336308,260825,198735,2012-06-01
Waltham Forest,http://landregistry.data.gov.uk/id/region/waltham-forest,E09000031,2012-07,199,monthly,244503,440764,341895,265932,201973,2012-07-01
Waltham Forest,http://landregistry.data.gov.uk/id/region/waltham-forest,E09000031,2012-08,240,monthly,243700,439839,340948,265771,200421,2012-08-01
Waltham Forest,http://landregistry.data.gov.uk/id/region/waltham-forest,E09000031,2012-09,179,monthly,242815,439575,339778,264772,199681,2012-09-01
Waltham Forest,http://landregistry.data.gov.uk/id/region/waltham-forest,E09000031,2012-10,208,monthly,239047,432887,334748,260811,196358,2012-10-01
Waltham Forest,http://landregistry.data.gov.uk/id/region/waltham-forest,E09000031,2012-11,234,monthly,239518,433761,335352,261297,196788,2012-11-01
Waltham Forest,http://landregistry.data.gov.uk/id/region/waltham-forest,E09000031,2012-12,207,monthly,244522,444252,343402,266963,200414,2012-12-01
Waltham Forest,http://landregistry.data.gov.uk/id/region/waltham-forest,E09000031,2013-01,170,monthly,244565,444932,344579,266956,200280,2013-01-01
Waltham Forest,http://landregistry.data.gov.uk/id/region/waltham-forest,E09000031,2013-02,188,monthly,247701,451204,349117,270235,202996,2013-02-01
Waltham Forest,http://landregistry.data.gov.uk/id/region/waltham-forest,E09000031,2013-03,206,monthly,247444,451129,348954,269790,202947,2013-03-01
Waltham Forest,http://landregistry.data.gov.uk/id/region/waltham-forest,E09000031,2013-04,188,monthly,252365,459630,354614,275462,206908,2013-04-01
Waltham Forest,http://landregistry.data.gov.uk/id/region/waltham-forest,E09000031,2013-05,217,monthly,258148,468650,362844,281752,211683,2013-05-01
Waltham Forest,http://landregistry.data.gov.uk/id/region/waltham-forest,E09000031,2013-06,197,monthly,260043,469533,364834,284232,212968,2013-06-01
Waltham Forest,http://landregistry.data.gov.uk/id/region/waltham-forest,E09000031,2013-07,284,monthly,264907,477230,371748,289667,216825,2013-07-01
Waltham Forest,http://landregistry.data.gov.uk/id/region/waltham-forest,E09000031,2013-08,295,monthly,266984,481311,374505,292223,218233,2013-08-01
Waltham Forest,http://landregistry.data.gov.uk/id/region/waltham-forest,E09000031,2013-09,252,monthly,273327,495223,384156,299064,223332,2013-09-01
Waltham Forest,http://landregistry.data.gov.uk/id/region/waltham-forest,E09000031,2013-10,300,monthly,275107,501334,387511,300884,224700,2013-10-01
Waltham Forest,http://landregistry.data.gov.uk/id/region/waltham-forest,E09000031,2013-11,295,monthly,277826,507574,392241,303772,226812,2013-11-01
Waltham Forest,http://landregistry.data.gov.uk/id/region/waltham-forest,E09000031,2013-12,313,monthly,282076,513466,397911,308446,230355,2013-12-01
Waltham Forest,http://landregistry.data.gov.uk/id/region/waltham-forest,E09000031,2014-01,241,monthly,288169,524683,406327,314856,235642,2014-01-01
Waltham Forest,http://landregistry.data.gov.uk/id/region/waltham-forest,E09000031,2014-02,265,monthly,296375,542222,417630,323955,242361,2014-02-01
Waltham Forest,http://landregistry.data.gov.uk/id/region/waltham-forest,E09000031,2014-03,297,monthly,299627,550071,422009,327238,245299,2014-03-01
Waltham Forest,http://landregistry.data.gov.uk/id/region/waltham-forest,E09000031,2014-04,262,monthly,305270,559121,429083,334015,249568,2014-04-01
Waltham Forest,http://landregistry.data.gov.uk/id/region/waltham-forest,E09000031,2014-05,323,monthly,311409,567184,436692,340765,254723,2014-05-01
Waltham Forest,http://landregistry.data.gov.uk/id/region/waltham-forest,E09000031,2014-06,304,monthly,319175,582359,447825,349890,260557,2014-06-01
Waltham Forest,http://landregistry.data.gov.uk/id/region/waltham-forest,E09000031,2014-07,348,monthly,331655,606287,466304,363922,270356,2014-07-01
Waltham Forest,http://landregistry.data.gov.uk/id/region/waltham-forest,E09000031,2014-08,326,monthly,340170,624385,479830,374232,276360,2014-08-01
Waltham Forest,http://landregistry.data.gov.uk/id/region/waltham-forest,E09000031,2014-09,305,monthly,351787,645256,496465,387087,285722,2014-09-01
Waltham Forest,http://landregistry.data.gov.uk/id/region/waltham-forest,E09000031,2014-10,334,monthly,353145,649470,498670,388041,287175,2014-10-01
Waltham Forest,http://landregistry.data.gov.uk/id/region/waltham-forest,E09000031,2014-11,283,monthly,352944,650170,498223,387277,287420,2014-11-01
Waltham Forest,http://landregistry.data.gov.uk/id/region/waltham-forest,E09000031,2014-12,278,monthly,352494,650640,496985,386290,287473,2014-12-01
Waltham Forest,http://landregistry.data.gov.uk/id/region/waltham-forest,E09000031,2015-01,238,monthly,349739,645042,493112,383210,285279,2015-01-01
Waltham Forest,http://landregistry.data.gov.uk/id/region/waltham-forest,E09000031,2015-02,233,monthly,348180,640555,490017,380655,284837,2015-02-01
Waltham Forest,http://landregistry.data.gov.uk/id/region/waltham-forest,E09000031,2015-03,320,monthly,346670,637798,488054,378660,283920,2015-03-01
Waltham Forest,http://landregistry.data.gov.uk/id/region/waltham-forest,E09000031,2015-04,293,monthly,350669,646440,493050,383445,286916,2015-04-01
Waltham Forest,http://landregistry.data.gov.uk/id/region/waltham-forest,E09000031,2015-05,240,monthly,353653,652621,497563,387129,288938,2015-05-01
Waltham Forest,http://landregistry.data.gov.uk/id/region/waltham-forest,E09000031,2015-06,283,monthly,362381,669956,511101,398175,294598,2015-06-01
Waltham Forest,http://landregistry.data.gov.uk/id/region/waltham-forest,E09000031,2015-07,356,monthly,367223,677588,518480,403646,298342,2015-07-01
Waltham Forest,http://landregistry.data.gov.uk/id/region/waltham-forest,E09000031,2015-08,321,monthly,378253,699268,534378,416588,306544,2015-08-01
Waltham Forest,http://landregistry.data.gov.uk/id/region/waltham-forest,E09000031,2015-09,328,monthly,383513,711009,541716,421948,311156,2015-09-01
Waltham Forest,http://landregistry.data.gov.uk/id/region/waltham-forest,E09000031,2015-10,298,monthly,392747,731278,555549,432381,318258,2015-10-01
Waltham Forest,http://landregistry.data.gov.uk/id/region/waltham-forest,E09000031,2015-11,302,monthly,397752,741889,563636,437759,322261,2015-11-01
Waltham Forest,http://landregistry.data.gov.uk/id/region/waltham-forest,E09000031,2015-12,282,monthly,399019,746115,566195,439175,323130,2015-12-01
Waltham Forest,http://landregistry.data.gov.uk/id/region/waltham-forest,E09000031,2016-01,257,monthly,404667,756668,575581,445146,327711,2016-01-01
Waltham Forest,http://landregistry.data.gov.uk/id/region/waltham-forest,E09000031,2016-02,254,monthly,417508,781009,593544,458958,338414,2016-02-01
Waltham Forest,http://landregistry.data.gov.uk/id/region/waltham-forest,E09000031,2016-03,421,monthly,424530,791375,602033,466140,344819,2016-03-01
Waltham Forest,http://landregistry.data.gov.uk/id/region/waltham-forest,E09000031,2016-04,162,monthly,424112,792597,599648,466068,344391,2016-04-01
Waltham Forest,http://landregistry.data.gov.uk/id/region/waltham-forest,E09000031,2016-05,187,monthly,416670,775524,586474,457429,339179,2016-05-01
Waltham Forest,http://landregistry.data.gov.uk/id/region/waltham-forest,E09000031,2016-06,229,monthly,418841,781180,588657,459684,341163,2016-06-01
Waltham Forest,http://landregistry.data.gov.uk/id/region/waltham-forest,E09000031,2016-07,260,monthly,427281,793909,600263,468412,348568,2016-07-01
Waltham Forest,http://landregistry.data.gov.uk/id/region/waltham-forest,E09000031,2016-08,284,monthly,429105,799287,603842,470265,350001,2016-08-01
Waltham Forest,http://landregistry.data.gov.uk/id/region/waltham-forest,E09000031,2016-09,262,monthly,429652,800588,606552,470885,350137,2016-09-01
Waltham Forest,http://landregistry.data.gov.uk/id/region/waltham-forest,E09000031,2016-10,283,monthly,433897,810284,613468,474317,354478,2016-10-01
Waltham Forest,http://landregistry.data.gov.uk/id/region/waltham-forest,E09000031,2016-11,236,monthly,444917,834589,630226,485609,363904,2016-11-01
Waltham Forest,http://landregistry.data.gov.uk/id/region/waltham-forest,E09000031,2016-12,239,monthly,447978,841536,633421,487856,367499,2016-12-01
Waltham Forest,http://landregistry.data.gov.uk/id/region/waltham-forest,E09000031,2017-01,229,monthly,449862,845378,634907,489737,369364,2017-01-01
Waltham Forest,http://landregistry.data.gov.uk/id/region/waltham-forest,E09000031,2017-02,216,monthly,444762,833508,625394,483257,366206,2017-02-01
Waltham Forest,http://landregistry.data.gov.uk/id/region/waltham-forest,E09000031,2017-03,250,monthly,451245,845072,634036,489499,372199,2017-03-01
Waltham Forest,http://landregistry.data.gov.uk/id/region/waltham-forest,E09000031,2017-04,177,monthly,443393,829941,621645,480172,366507,2017-04-01
Waltham Forest,http://landregistry.data.gov.uk/id/region/waltham-forest,E09000031,2017-05,188,monthly,446398,832761,626222,482956,369347,2017-05-01
Waltham Forest,http://landregistry.data.gov.uk/id/region/waltham-forest,E09000031,2017-06,260,monthly,439825,816048,615234,476040,364026,2017-06-01
Waltham Forest,http://landregistry.data.gov.uk/id/region/waltham-forest,E09000031,2017-07,246,monthly,449987,832620,630291,487262,372194,2017-07-01
Waltham Forest,http://landregistry.data.gov.uk/id/region/waltham-forest,E09000031,2017-08,258,monthly,452189,836441,633461,491255,372774,2017-08-01
Waltham Forest,http://landregistry.data.gov.uk/id/region/waltham-forest,E09000031,2017-09,239,monthly,458648,851516,644469,498626,377554,2017-09-01
Waltham Forest,http://landregistry.data.gov.uk/id/region/waltham-forest,E09000031,2017-10,274,monthly,456738,851226,643276,497054,375379,2017-10-01
Waltham Forest,http://landregistry.data.gov.uk/id/region/waltham-forest,E09000031,2017-11,222,monthly,454851,850817,642471,495189,373427,2017-11-01
Waltham Forest,http://landregistry.data.gov.uk/id/region/waltham-forest,E09000031,2017-12,234,monthly,455837,852160,644372,497511,373237,2017-12-01
Waltham Forest,http://landregistry.data.gov.uk/id/region/waltham-forest,E09000031,2018-01,180,monthly,461321,861532,652217,503421,377786,2018-01-01
Waltham Forest,http://landregistry.data.gov.uk/id/region/waltham-forest,E09000031,2018-02,190,monthly,462044,862144,652484,504035,378592,2018-02-01
Waltham Forest,http://landregistry.data.gov.uk/id/region/waltham-forest,E09000031,2018-03,210,monthly,456047,853107,644964,497355,373604,2018-03-01
Waltham Forest,http://landregistry.data.gov.uk/id/region/waltham-forest,E09000031,2018-04,173,monthly,445000,832307,630304,487262,362863,2018-04-01
Waltham Forest,http://landregistry.data.gov.uk/id/region/waltham-forest,E09000031,2018-05,217,monthly,444311,833018,631350,487714,361063,2018-05-01
Waltham Forest,http://landregistry.data.gov.uk/id/region/waltham-forest,E09000031,2018-06,239,monthly,449485,841016,640705,493449,364995,2018-06-01
Waltham Forest,http://landregistry.data.gov.uk/id/region/waltham-forest,E09000031,2018-07,262,monthly,459347,860093,654327,503983,373283,2018-07-01
Waltham Forest,http://landregistry.data.gov.uk/id/region/waltham-forest,E09000031,2018-08,304,monthly,460158,860416,655161,505121,373792,2018-08-01
Waltham Forest,http://landregistry.data.gov.uk/id/region/waltham-forest,E09000031,2018-09,257,monthly,462200,867132,657884,507655,375214,2018-09-01
Waltham Forest,http://landregistry.data.gov.uk/id/region/waltham-forest,E09000031,2018-10,253,monthly,455713,856406,649107,500437,369954,2018-10-01
Waltham Forest,http://landregistry.data.gov.uk/id/region/waltham-forest,E09000031,2018-11,277,monthly,453456,855779,647699,498613,367356,2018-11-01
Waltham Forest,http://landregistry.data.gov.uk/id/region/waltham-forest,E09000031,2018-12,256,monthly,453771,853079,647872,498932,367695,2018-12-01
Waltham Forest,http://landregistry.data.gov.uk/id/region/waltham-forest,E09000031,2019-01,208,monthly,449347,847391,642984,494100,363889,2019-01-01
Waltham Forest,http://landregistry.data.gov.uk/id/region/waltham-forest,E09000031,2019-02,157,monthly,450655,850397,644361,494916,365511,2019-02-01
Waltham Forest,http://landregistry.data.gov.uk/id/region/waltham-forest,E09000031,2019-03,187,monthly,443330,839734,635001,488044,358453,2019-03-01
Waltham Forest,http://landregistry.data.gov.uk/id/region/waltham-forest,E09000031,2019-04,165,monthly,446279,841940,638122,492175,360310,2019-04-01
Waltham Forest,http://landregistry.data.gov.uk/id/region/waltham-forest,E09000031,2019-05,186,monthly,439518,827194,629016,485934,353782,2019-05-01
Waltham Forest,http://landregistry.data.gov.uk/id/region/waltham-forest,E09000031,2019-06,328,monthly,435164,817733,622479,481285,350202,2019-06-01
Waltham Forest,http://landregistry.data.gov.uk/id/region/waltham-forest,E09000031,2019-07,267,monthly,432351,811378,618262,477990,348134,2019-07-01
Waltham Forest,http://landregistry.data.gov.uk/id/region/waltham-forest,E09000031,2019-08,288,monthly,439930,825462,629161,487228,353525,2019-08-01
Waltham Forest,http://landregistry.data.gov.uk/id/region/waltham-forest,E09000031,2019-09,234,monthly,446107,836210,636646,494114,358668,2019-09-01
Waltham Forest,http://landregistry.data.gov.uk/id/region/waltham-forest,E09000031,2019-10,229,monthly,448450,842970,643339,497324,359510,2019-10-01
Waltham Forest,http://landregistry.data.gov.uk/id/region/waltham-forest,E09000031,2019-11,228,monthly,451507,852818,649891,500523,361744,2019-11-01
Waltham Forest,http://landregistry.data.gov.uk/id/region/waltham-forest,E09000031,2019-12,269,monthly,454329,861780,655855,504802,362728,2019-12-01
Waltham Forest,http://landregistry.data.gov.uk/id/region/waltham-forest,E09000031,2020-01,201,monthly,458448,870506,661819,510240,365299,2020-01-01
Waltham Forest,http://landregistry.data.gov.uk/id/region/waltham-forest,E09000031,2020-02,178,monthly,450574,857885,650964,503014,357958,2020-02-01
Waltham Forest,http://landregistry.data.gov.uk/id/region/waltham-forest,E09000031,2020-03,201,monthly,450276,859291,651819,503016,357290,2020-03-01
Waltham Forest,http://landregistry.data.gov.uk/id/region/waltham-forest,E09000031,2020-04,95,monthly,455350,872417,659391,510016,360413,2020-04-01
Waltham Forest,http://landregistry.data.gov.uk/id/region/waltham-forest,E09000031,2020-05,84,monthly,461621,883050,668640,515198,366547,2020-05-01
Waltham Forest,http://landregistry.data.gov.uk/id/region/waltham-forest,E09000031,2020-06,156,monthly,464619,888436,674763,519798,367924,2020-06-01
Waltham Forest,http://landregistry.data.gov.uk/id/region/waltham-forest,E09000031,2020-07,184,monthly,459940,876651,667686,514618,364236,2020-07-01
Waltham Forest,http://landregistry.data.gov.uk/id/region/waltham-forest,E09000031,2020-08,196,monthly,464221,885943,675982,522394,365482,2020-08-01
Waltham Forest,http://landregistry.data.gov.uk/id/region/waltham-forest,E09000031,2020-09,196,monthly,471569,902472,688000,531727,370430,2020-09-01
Waltham Forest,http://landregistry.data.gov.uk/id/region/waltham-forest,E09000031,2020-10,247,monthly,481837,928798,705545,545002,377092,2020-10-01
Waltham Forest,http://landregistry.data.gov.uk/id/region/waltham-forest,E09000031,2020-11,239,monthly,485105,937268,710243,549360,379232,2020-11-01
Waltham Forest,http://landregistry.data.gov.uk/id/region/waltham-forest,E09000031,2020-12,297,monthly,487472,943260,713630,553366,380260,2020-12-01
Waltham Forest,http://landregistry.data.gov.uk/id/region/waltham-forest,E09000031,2021-01,264,monthly,485426,929921,707381,549596,380007,2021-01-01
Waltham Forest,http://landregistry.data.gov.uk/id/region/waltham-forest,E09000031,2021-02,382,monthly,486486,922416,704745,549143,382437,2021-02-01
Waltham Forest,http://landregistry.data.gov.uk/id/region/waltham-forest,E09000031,2021-03,560,monthly,485803,907869,697998,545677,384461,2021-03-01
Waltham Forest,http://landregistry.data.gov.uk/id/region/waltham-forest,E09000031,2021-04,293,monthly,481947,900748,690603,541175,381785,2021-04-01
Waltham Forest,http://landregistry.data.gov.uk/id/region/waltham-forest,E09000031,2021-05,254,monthly,479221,898571,687100,538179,379481,2021-05-01
Waltham Forest,http://landregistry.data.gov.uk/id/region/waltham-forest,E09000031,2021-06,854,monthly,476821,894220,682802,537853,375840,2021-06-01
Waltham Forest,http://landregistry.data.gov.uk/id/region/waltham-forest,E09000031,2021-07,78,monthly,475336,895649,682844,534148,375947,2021-07-01
Waltham Forest,http://landregistry.data.gov.uk/id/region/waltham-forest,E09000031,2021-08,173,monthly,475145,902178,688087,534621,374459,2021-08-01
Waltham Forest,http://landregistry.data.gov.uk/id/region/waltham-forest,E09000031,2021-09,413,monthly,477766,914426,696635,536931,376304,2021-09-01
Waltham Forest,http://landregistry.data.gov.uk/id/region/waltham-forest,E09000031,2021-10,156,monthly,480684,931312,706683,542893,375582,2021-10-01
Waltham Forest,http://landregistry.data.gov.uk/id/region/waltham-forest,E09000031,2021-11,200,monthly,480801,933136,707331,543170,375482,2021-11-01
Waltham Forest,http://landregistry.data.gov.uk/id/region/waltham-forest,E09000031,2021-12,259,monthly,478806,938768,708164,541643,372763,2021-12-01
Waltham Forest,http://landregistry.data.gov.uk/id/region/waltham-forest,E09000031,2022-01,200,monthly,477674,932528,706548,542103,370588,2022-01-01
Waltham Forest,http://landregistry.data.gov.uk/id/region/waltham-forest,E09000031,2022-02,198,monthly,477138,930755,704868,542134,370006,2022-02-01
Waltham Forest,http://landregistry.data.gov.uk/id/region/waltham-forest,E09000031,2022-03,269,monthly,475669,927611,703836,540860,368374,2022-03-01
Waltham Forest,http://landregistry.data.gov.uk/id/region/waltham-forest,E09000031,2022-04,230,monthly,478383,930526,706352,544695,370000,2022-04-01
Waltham Forest,http://landregistry.data.gov.uk/id/region/waltham-forest,E09000031,2022-05,224,monthly,484606,942903,716999,553129,373249,2022-05-01
Waltham Forest,http://landregistry.data.gov.uk/id/region/waltham-forest,E09000031,2022-06,258,monthly,493585,957364,728841,563904,379910,2022-06-01
Waltham Forest,http://landregistry.data.gov.uk/id/region/waltham-forest,E09000031,2022-07,290,monthly,508719,985528,752419,582052,390550,2022-07-01
Waltham Forest,http://landregistry.data.gov.uk/id/region/waltham-forest,E09000031,2022-08,277,monthly,520143,1007422,769587,596563,397884,2022-08-01
Waltham Forest,http://landregistry.data.gov.uk/id/region/waltham-forest,E09000031,2022-09,269,monthly,522556,1013834,774550,600522,398335,2022-09-01
Waltham Forest,http://landregistry.data.gov.uk/id/region/waltham-forest,E09000031,2022-10,283,monthly,521647,1014536,772940,600121,397025,2022-10-01
Waltham Forest,http://landregistry.data.gov.uk/id/region/waltham-forest,E09000031,2022-11,331,monthly,517464,1007689,766551,595718,393460,2022-11-01
Waltham Forest,http://landregistry.data.gov.uk/id/region/waltham-forest,E09000031,2022-12,241,monthly,515770,1003787,763012,593705,392395,2022-12-01
Waltham Forest,http://landregistry.data.gov.uk/id/region/waltham-forest,E09000031,2023-01,203,monthly,511506,997252,759657,588098,389360,2023-01-01
Waltham Forest,http://landregistry.data.gov.uk/id/region/waltham-forest,E09000031,2023-02,199,monthly,509703,996101,757518,583986,389539,2023-02-01
Waltham Forest,http://landregistry.data.gov.uk/id/region/waltham-forest,E09000031,2023-03,226,monthly,501392,985338,748590,572580,384076,2023-03-01
Waltham Forest,http://landregistry.data.gov.uk/id/region/waltham-forest,E09000031,2023-04,125,monthly,504511,993431,752692,575487,386986,2023-04-01
Waltham Forest,http://landregistry.data.gov.uk/id/region/waltham-forest,E09000031,2023-05,147,monthly,497681,976523,741789,567471,382053,2023-05-01
Waltham Forest,http://landregistry.data.gov.uk/id/region/waltham-forest,E09000031,2023-06,190,monthly,499460,975800,742003,570804,382812,2023-06-01
Waltham Forest,http://landregistry.data.gov.uk/id/region/waltham-forest,E09000031,2023-07,200,monthly,493468,959966,732621,565158,377456,2023-07-01
Waltham Forest,http://landregistry.data.gov.uk/id/region/waltham-forest,E09000031,2023-08,228,monthly,501408,976530,745742,576316,381832,2023-08-01
Waltham Forest,http://landregistry.data.gov.uk/id/region/waltham-forest,E09000031,2023-09,221,monthly,504878,984103,752010,581110,383739,2023-09-01
Waltham Forest,http://landregistry.data.gov.uk/id/region/waltham-forest,E09000031,2023-10,217,monthly,506271,985990,753331,581612,385708,2023-10-01
Waltham Forest,http://landregistry.data.gov.uk/id/region/waltham-forest,E09000031,2023-11,188,monthly,500599,977303,746212,573942,382036,2023-11-01
Waltham Forest,http://landregistry.data.gov.uk/id/region/waltham-forest,E09000031,2023-12,188,monthly,496778,969668,740089,569079,379528,2023-12-01
Waltham Forest,http://landregistry.data.gov.uk/id/region/waltham-forest,E09000031,2024-01,152,monthly,501353,978909,746866,575262,382331,2024-01-01
Waltham Forest,http://landregistry.data.gov.uk/id/region/waltham-forest,E09000031,2024-02,193,monthly,501137,976276,745251,575172,382184,2024-02-01
Waltham Forest,http://landregistry.data.gov.uk/id/region/waltham-forest,E09000031,2024-03,166,monthly,499866,970669,741585,572517,382184,2024-03-01
Waltham Forest,http://landregistry.data.gov.uk/id/region/waltham-forest,E09000031,2024-04,214,monthly,493286,955037,731119,564300,377688,2024-04-01
Waltham Forest,http://landregistry.data.gov.uk/id/region/waltham-forest,E09000031,2024-05,209,monthly,493781,950496,728894,564180,378894,2024-05-01
Waltham Forest,http://landregistry.data.gov.uk/id/region/waltham-forest,E09000031,2024-06,221,monthly,487659,938217,719585,558645,373317,2024-06-01
Waltham Forest,http://landregistry.data.gov.uk/id/region/waltham-forest,E09000031,2024-07,260,monthly,486488,936597,718742,559315,371068,2024-07-01
Waltham Forest,http://landregistry.data.gov.uk/id/region/waltham-forest,E09000031,2024-08,280,monthly,494873,955496,732297,571428,375759,2024-08-01
Waltham Forest,http://landregistry.data.gov.uk/id/region/waltham-forest,E09000031,2024-09,211,monthly,509192,988405,756482,588644,385813,2024-09-01
Waltham Forest,http://landregistry.data.gov.uk/id/region/waltham-forest,E09000031,2024-10,312,monthly,513470,999386,762053,592690,389669,2024-10-01
Waltham Forest,http://landregistry.data.gov.uk/id/region/waltham-forest,E09000031,2024-11,287,monthly,507633,992401,754713,585510,385317,2024-11-01
Waltham Forest,http://landregistry.data.gov.uk/id/region/waltham-forest,E09000031,2024-12,227,monthly,509168,999791,756430,587476,386382,2024-12-01
Waltham Forest,http://landregistry.data.gov.uk/id/region/waltham-forest,E09000031,2025-01,219,monthly,512984,1009652,763653,593083,388338,2025-01-01
Waltham Forest,http://landregistry.data.gov.uk/id/region/waltham-forest,E09000031,2025-02,261,monthly,512103,1006135,762074,592877,387221,2025-02-01
Waltham Forest,http://landregistry.data.gov.uk/id/region/waltham-forest,E09000031,2025-03,603,monthly,512049,989182,755444,592134,388585,2025-03-01
Waltham Forest,http://landregistry.data.gov.uk/id/region/waltham-forest,E09000031,2025-04,85,monthly,506926,988819,755763,586424,383677,2025-04-01
Waltham Forest,http://landregistry.data.gov.uk/id/region/waltham-forest,E09000031,2025-05,149,monthly,508698,996908,762516,589033,384158,2025-05-01
Waltham Forest,http://landregistry.data.gov.uk/id/region/waltham-forest,E09000031,2025-06,201,monthly,510468,1015169,773855,593770,382515,2025-06-01
Waltham Forest,http://landregistry.data.gov.uk/id/region/waltham-forest,E09000031,2025-07,220,monthly,515485,1016461,775960,600327,386377,2025-07-01
Waltham Forest,http://landregistry.data.gov.uk/id/region/waltham-forest,E09000031,2025-08,263,monthly,528499,1040195,796133,618041,394280,2025-08-01
Waltham Forest,http://landregistry.data.gov.uk/id/region/waltham-forest,E09000031,2025-09,191,monthly,532059,1049068,805059,623723,395497,2025-09-01
Waltham Forest,http://landregistry.data.gov.uk/id/region/waltham-forest,E09000031,2025-10,254,monthly,536162,1059796,813038,630473,396979,2025-10-01
Waltham Forest,http://landregistry.data.gov.uk/id/region/waltham-forest,E09000031,2025-11,233,monthly,529286,1047568,801736,622896,391605,2025-11-01
Waltham Forest,http://landregistry.data.gov.uk/id/region/waltham-forest,E09000031,2025-12,189,monthly,522634,1033112,789472,614645,387206,2025-12-01
Waltham Forest,http://landregistry.data.gov.uk/id/region/waltham-forest,E09000031,2026-01,142,monthly,520109,1027565,787272,613477,383937,2026-01-01
Waltham Forest,http://landregistry.data.gov.uk/id/region/waltham-forest,E09000031,2026-02,139,monthly,525350,1039839,795817,618711,388322,2026-02-01
Waltham Forest,http://landregistry.data.gov.uk/id/region/waltham-forest,E09000031,2026-03,,monthly,526349,1042467,798752,622304,387274,2026-03-01
Waltham Forest,http://landregistry.data.gov.uk/id/region/waltham-forest,E09000031,2026-04,,monthly,524099,1039515,793827,617610,387085,2026-04-01
